bug_id,fixed_file,decision
219958,FilteredItemsSelectionDialog.java,localizable
191684,N/A,not-localizable
219386,N/A,not-localizable
220423,N/A,not-localizable
220564,N/A,not-localizable
220582,N/A,not-localizable
187762,N/A,not-localizable
172087,N/A,not-localizable
208103,N/A,not-localizable
220663,IDEWorkbenchActivityHelper.java,localizable
208392,N/A,not-localizable
220473,WorkingSet.java,localizable
210568,N/A,not-localizable
212177,N/A,not-localizable
220843,N/A,not-localizable
220368,WorkbenchStatusDialog.java,localizable
220456,N/A,not-localizable
220546,N/A,not-localizable
162140,N/A,not-localizable
221337,N/A,not-localizable
221416,N/A,not-localizable
220523,N/A,not-localizable
221528,N/A,not-localizable
84225,WorkingSetRegistry.java,localizable
220766,N/A,not-localizable
133495,N/A,not-localizable
220694,DecoratingStyledCellLabelProvider.java,localizable
221493,N/A,not-localizable
221860,N/A,not-localizable
215543,N/A,not-localizable
221768,AbstractTreeViewer.java,localizable
222153,WorkbenchPreferenceExtensionNode.java,localizable
221521,N/A,not-localizable
220662,N/A,not-localizable
222411,N/A,not-localizable
217985,N/A,not-localizable
222375,N/A,not-localizable
221649,N/A,not-localizable
222397,N/A,not-localizable
218360,N/A,not-localizable
218882,N/A,not-localizable
214919,N/A,not-localizable
76351,N/A,not-localizable
157445,N/A,not-localizable
210376,N/A,not-localizable
214392,N/A,not-localizable
221222,WorkbenchStatusDialog.java,localizable
218467,N/A,not-localizable
220697,AbstractResourcesOperation.java,localizable
220696,AbstractResourcesOperation.java,localizable
213504,N/A,not-localizable
223074,N/A,not-localizable
223246,N/A,not-localizable
222861,N/A,not-localizable
218053,N/A,not-localizable
209699,N/A,not-localizable
218967,N/A,not-localizable
223339,N/A,not-localizable
131516,N/A,not-localizable
223375,N/A,not-localizable
136244,N/A,not-localizable
223313,MarkerQuery.java,localizable
220767,N/A,not-localizable
191254,N/A,not-localizable
223649,N/A,not-localizable
223653,ShowInMenu.java,localizable
219874,N/A,not-localizable
223481,N/A,not-localizable
223732,N/A,not-localizable
219273,N/A,not-localizable
222627,MutableActivityManager.java,localizable
223886,WizardProjectsImportPage.java,localizable
222391,N/A,not-localizable
216860,N/A,not-localizable
223808,N/A,not-localizable
223790,N/A,not-localizable
223846,FilteredItemsSelectionDialog.java,localizable
224335,N/A,not-localizable
224428,N/A,not-localizable
224451,CopyProjectAction.java,localizable
224571,N/A,not-localizable
224568,N/A,not-localizable
223995,AboutHandler.java,localizable
223962,N/A,not-localizable
223116,N/A,not-localizable
223182,N/A,not-localizable
223108,N/A,not-localizable
109290,N/A,not-localizable
224887,N/A,not-localizable
222558,N/A,not-localizable
188652,N/A,not-localizable
9262,N/A,not-localizable
99602,N/A,not-localizable
224673,N/A,not-localizable
224674,N/A,not-localizable
56313,N/A,not-localizable
224861,ProgressManagerUtil.java,localizable
225051,N/A,not-localizable
225966,N/A,not-localizable
225331,N/A,not-localizable
221662,N/A,not-localizable
218540,N/A,not-localizable
206179,N/A,not-localizable
206178,N/A,not-localizable
202187,N/A,not-localizable
145557,N/A,not-localizable
127308,N/A,not-localizable
136337,N/A,not-localizable
226305,N/A,not-localizable
202170,N/A,not-localizable
200376,N/A,not-localizable
206619,N/A,not-localizable
226124,N/A,not-localizable
219913,N/A,not-localizable
168524,N/A,not-localizable
226930,N/A,not-localizable
223188,N/A,not-localizable
90959,N/A,not-localizable
226718,N/A,not-localizable
227023,N/A,not-localizable
223299,N/A,not-localizable
226277,N/A,not-localizable
186022,N/A,not-localizable
221914,N/A,not-localizable
218054,N/A,not-localizable
224951,N/A,not-localizable
227661,N/A,not-localizable
224682,N/A,not-localizable
223880,N/A,not-localizable
227617,N/A,not-localizable
219184,N/A,not-localizable
214560,MultiPageEditorPart.java,localizable
216483,N/A,not-localizable
204489,N/A,not-localizable
198283,N/A,not-localizable
226217,N/A,not-localizable
223056,N/A,not-localizable
228120,N/A,not-localizable
227868,DetailedProgressViewer.java,localizable
222750,N/A,not-localizable
227973,N/A,not-localizable
228006,CachedMarkerBuilder.java,localizable
228475,N/A,not-localizable
155273,N/A,not-localizable
228863,PartService.java,localizable
170161,N/A,not-localizable
227336,N/A,not-localizable
228204,WorkbenchStatusDialogManager.java,localizable
228786,N/A,not-localizable
197787,N/A,not-localizable
219635,N/A,not-localizable
225190,N/A,not-localizable
202297,N/A,not-localizable
208934,N/A,not-localizable
228760,N/A,not-localizable
224997,N/A,not-localizable
223405,N/A,not-localizable
229127,N/A,not-localizable
229240,N/A,not-localizable
229084,N/A,not-localizable
188674,N/A,not-localizable
185216,N/A,not-localizable
169997,N/A,not-localizable
229180,N/A,not-localizable
229386,N/A,not-localizable
229351,N/A,not-localizable
229623,N/A,not-localizable
229473,WorkbenchWindow.java,localizable
229440,N/A,not-localizable
229779,N/A,not-localizable
229719,N/A,not-localizable
229807,N/A,not-localizable
229864,N/A,not-localizable
225754,N/A,not-localizable
229684,N/A,not-localizable
94825,N/A,not-localizable
228197,WorkbenchStatusDialogManager.java,localizable
230218,N/A,not-localizable
228890,N/A,not-localizable
230420,N/A,not-localizable
228017,N/A,not-localizable
230879,N/A,not-localizable
227983,N/A,not-localizable
228717,N/A,not-localizable
228616,N/A,not-localizable
224357,N/A,not-localizable
227107,N/A,not-localizable
230179,N/A,not-localizable
230970,PartPane.java,localizable
231119,N/A,not-localizable
230472,N/A,not-localizable
210083,N/A,not-localizable
207350,N/A,not-localizable
224921,N/A,not-localizable
231002,N/A,not-localizable
214271,N/A,not-localizable
227982,N/A,not-localizable
139214,N/A,not-localizable
227317,N/A,not-localizable
231175,WorkbenchLabelProvider.java,localizable
231307,N/A,not-localizable
231103,N/A,not-localizable
229668,N/A,not-localizable
231182,N/A,not-localizable
231636,N/A,not-localizable
226342,N/A,not-localizable
231341,N/A,not-localizable
231016,N/A,not-localizable
230351,N/A,not-localizable
189588,AbstractWorkingSetManager.java,localizable
231358,N/A,not-localizable
228880,N/A,not-localizable
230365,N/A,not-localizable
157506,N/A,not-localizable
229983,N/A,not-localizable
197113,N/A,not-localizable
231163,N/A,not-localizable
199179,N/A,not-localizable
229789,N/A,not-localizable
225425,N/A,not-localizable
232851,N/A,not-localizable
232541,N/A,not-localizable
233285,N/A,not-localizable
232048,N/A,not-localizable
232997,N/A,not-localizable
234228,N/A,not-localizable
227721,ContentTypeDecorator.java,localizable
223976,N/A,not-localizable
232036,N/A,not-localizable
232489,N/A,not-localizable
234372,N/A,not-localizable
218249,MarkerEntry.java,localizable
232196,N/A,not-localizable
235179,N/A,not-localizable
228956,N/A,not-localizable
235845,N/A,not-localizable
235613,ShellPool.java,localizable
235819,N/A,not-localizable
236083,N/A,not-localizable
236324,N/A,not-localizable
137478,N/A,not-localizable
210491,N/A,not-localizable
237884,N/A,not-localizable
239015,N/A,not-localizable
236666,N/A,not-localizable
237163,N/A,not-localizable
239260,N/A,not-localizable
239300,N/A,not-localizable
239523,N/A,not-localizable
226867,WebBrowserEditor.java,localizable
219946,N/A,not-localizable
237273,N/A,not-localizable
240363,N/A,not-localizable
240135,N/A,not-localizable
235354,N/A,not-localizable
241277,N/A,not-localizable
228658,N/A,not-localizable
240381,GroupInfo.java,localizable
233313,N/A,not-localizable
241384,N/A,not-localizable
241209,N/A,not-localizable
242583,N/A,not-localizable
208160,N/A,not-localizable
242409,N/A,not-localizable
242411,N/A,not-localizable
242421,N/A,not-localizable
242427,N/A,not-localizable
242446,ActionDelegateHandlerProxy.java,localizable
242760,N/A,not-localizable
242765,ContributedAction.java,localizable
240009,N/A,not-localizable
236605,N/A,not-localizable
235195,N/A,not-localizable
242017,N/A,not-localizable
238909,N/A,not-localizable
215941,N/A,not-localizable
242900,N/A,not-localizable
208804,N/A,not-localizable
243209,N/A,not-localizable
238162,N/A,not-localizable
220559,N/A,not-localizable
217801,N/A,not-localizable
189529,N/A,not-localizable
161095,N/A,not-localizable
242466,Window.java,localizable
236612,MutableActivityManager.java,localizable
200316,N/A,not-localizable
242788,N/A,not-localizable
245437,N/A,not-localizable
245710,N/A,not-localizable
246381,N/A,not-localizable
246382,KeyController.java,localizable
246383,N/A,not-localizable
246384,N/A,not-localizable
245761,N/A,not-localizable
246209,N/A,not-localizable
40632,N/A,not-localizable
246373,ProgressMonitorDialog.java,localizable
246959,N/A,not-localizable
247440,N/A,not-localizable
246612,N/A,not-localizable
247651,IInstallationPageContainer.java,localizable
247933,N/A,not-localizable
249272,N/A,not-localizable
218137,N/A,not-localizable
249435,N/A,not-localizable
249574,N/A,not-localizable
249378,N/A,not-localizable
249514,N/A,not-localizable
249281,N/A,not-localizable
242832,N/A,not-localizable
244145,N/A,not-localizable
43573,N/A,not-localizable
247945,N/A,not-localizable
244047,N/A,not-localizable
84107,N/A,not-localizable
230349,N/A,not-localizable
247818,N/A,not-localizable
217761,ContentViewer.java,localizable
251568,ISharedImages.java,localizable
247720,N/A,not-localizable
251444,N/A,not-localizable
38789,N/A,not-localizable
251257,N/A,not-localizable
251193,N/A,not-localizable
219901,N/A,not-localizable
251001,N/A,not-localizable
241849,N/A,not-localizable
246105,N/A,not-localizable
236795,ModalContext.java,localizable
251995,N/A,not-localizable
251996,WorkbenchLabelProvider.java,localizable
251997,WizardsRegistryReader.java,localizable
201391,N/A,not-localizable
134190,N/A,not-localizable
247731,N/A,not-localizable
252117,N/A,not-localizable
97786,N/A,not-localizable
180392,N/A,not-localizable
242225,N/A,not-localizable
243347,N/A,not-localizable
234345,N/A,not-localizable
246462,N/A,not-localizable
252105,IWorkbenchActionConstants.java,localizable
238452,N/A,not-localizable
248392,N/A,not-localizable
252487,N/A,not-localizable
252219,Snippet000HelloWorld.java,localizable
252497,N/A,not-localizable
240344,N/A,not-localizable
182122,N/A,not-localizable
230394,N/A,not-localizable
251280,N/A,not-localizable
252940,N/A,not-localizable
243612,N/A,not-localizable
252904,N/A,not-localizable
192633,N/A,not-localizable
253239,N/A,not-localizable
253773,N/A,not-localizable
250136,N/A,not-localizable
250133,N/A,not-localizable
128684,N/A,not-localizable
251517,N/A,not-localizable
189752,N/A,not-localizable
250664,N/A,not-localizable
255314,N/A,not-localizable
56368,N/A,not-localizable
198941,N/A,not-localizable
232076,N/A,not-localizable
254547,N/A,not-localizable
74298,N/A,not-localizable
254673,N/A,not-localizable
255773,N/A,not-localizable
242789,N/A,not-localizable
242821,N/A,not-localizable
242819,N/A,not-localizable
254492,ILeveledImportStructureProvider.java,localizable
119085,N/A,not-localizable
256516,N/A,not-localizable
229782,N/A,not-localizable
245155,TabbedPropertyList.java,localizable
256716,N/A,not-localizable
249647,N/A,not-localizable
242208,N/A,not-localizable
181308,N/A,not-localizable
175069,N/A,not-localizable
182714,N/A,not-localizable
256830,N/A,not-localizable
250651,N/A,not-localizable
2035,N/A,not-localizable
238397,N/A,not-localizable
249442,N/A,not-localizable
49316,N/A,not-localizable
141690,N/A,not-localizable
256801,N/A,not-localizable
257179,N/A,not-localizable
247806,N/A,not-localizable
248733,N/A,not-localizable
243758,N/A,not-localizable
256556,N/A,not-localizable
257531,N/A,not-localizable
257324,N/A,not-localizable
257723,N/A,not-localizable
257790,N/A,not-localizable
257752,N/A,not-localizable
238738,WorkbenchStatusDialogManager.java,localizable
250794,N/A,not-localizable
258794,N/A,not-localizable
100799,N/A,not-localizable
258826,N/A,not-localizable
258833,N/A,not-localizable
258832,N/A,not-localizable
258153,N/A,not-localizable
248516,N/A,not-localizable
255229,N/A,not-localizable
231327,N/A,not-localizable
211350,N/A,not-localizable
259477,N/A,not-localizable
254936,WorkbenchPage.java,localizable
257956,N/A,not-localizable
257820,N/A,not-localizable
24521,N/A,not-localizable
259179,N/A,not-localizable
260649,N/A,not-localizable
213139,N/A,not-localizable
260572,N/A,not-localizable
261037,N/A,not-localizable
261147,N/A,not-localizable
250198,CommonNavigator.java,localizable
247294,N/A,not-localizable
204837,N/A,not-localizable
261164,N/A,not-localizable
260937,N/A,not-localizable
220557,N/A,not-localizable
256561,N/A,not-localizable
240159,N/A,not-localizable
258810,N/A,not-localizable
259219,N/A,not-localizable
243270,N/A,not-localizable
254550,N/A,not-localizable
259821,N/A,not-localizable
231627,N/A,not-localizable
228110,N/A,not-localizable
259553,N/A,not-localizable
261398,CocoaUIEnhancer.java,localizable
260904,N/A,not-localizable
257094,N/A,not-localizable
250807,N/A,not-localizable
255076,N/A,not-localizable
261827,N/A,not-localizable
261752,StringToNumberConverterTest.java,localizable
258352,N/A,not-localizable
259536,N/A,not-localizable
238299,N/A,not-localizable
256764,N/A,not-localizable
258934,N/A,not-localizable
248752,N/A,not-localizable
188380,N/A,not-localizable
258736,N/A,not-localizable
256889,AbstractTableViewer.java,localizable
256422,N/A,not-localizable
252290,N/A,not-localizable
261852,N/A,not-localizable
189490,N/A,not-localizable
262101,N/A,not-localizable
262222,N/A,not-localizable
261018,N/A,not-localizable
241827,ComputedObservableMap.java,localizable
248343,N/A,not-localizable
125437,N/A,not-localizable
247758,N/A,not-localizable
249441,N/A,not-localizable
258860,N/A,not-localizable
262364,N/A,not-localizable
262392,N/A,not-localizable
261861,N/A,not-localizable
262380,OverrideTest.java,localizable
262706,N/A,not-localizable
262619,CustomizePerspectiveDialog.java,localizable
262707,N/A,not-localizable
256844,N/A,not-localizable
262962,N/A,not-localizable
262606,N/A,not-localizable
262935,AggregateWorkingSet.java,localizable
252561,N/A,not-localizable
262877,N/A,not-localizable
261506,N/A,not-localizable
263207,N/A,not-localizable
135971,N/A,not-localizable
263413,N/A,not-localizable
255734,N/A,not-localizable
263544,N/A,not-localizable
261865,N/A,not-localizable
185569,N/A,not-localizable
240574,N/A,not-localizable
263852,N/A,not-localizable
263856,N/A,not-localizable
263878,N/A,not-localizable
263819,N/A,not-localizable
211003,N/A,not-localizable
263898,N/A,not-localizable
263927,N/A,not-localizable
263984,CommonDropAdapterAssistant.java,localizable
264014,NavigatorTestBase.java,localizable
219930,N/A,not-localizable
264065,N/A,not-localizable
256934,N/A,not-localizable
194209,N/A,not-localizable
238157,NavigatorActionService.java,localizable
190610,N/A,not-localizable
203154,N/A,not-localizable
264777,N/A,not-localizable
264216,N/A,not-localizable
143430,N/A,not-localizable
257855,N/A,not-localizable
162986,N/A,not-localizable
243824,N/A,not-localizable
211933,N/A,not-localizable
264317,N/A,not-localizable
262703,N/A,not-localizable
258016,N/A,not-localizable
254984,N/A,not-localizable
264094,N/A,not-localizable
264519,N/A,not-localizable
263781,PinEditorHandler.java,localizable
264796,N/A,not-localizable
264574,N/A,not-localizable
264899,N/A,not-localizable
265214,N/A,not-localizable
265647,N/A,not-localizable
260892,N/A,not-localizable
265440,N/A,not-localizable
265374,N/A,not-localizable
242388,ToolBarManager.java,localizable
239945,CoolBarManager.java,localizable
265754,N/A,not-localizable
255172,N/A,not-localizable
259557,HandlerAuthority.java,localizable
259954,N/A,not-localizable
265159,N/A,not-localizable
265856,N/A,not-localizable
265878,N/A,not-localizable
265739,N/A,not-localizable
265268,N/A,not-localizable
265204,N/A,not-localizable
263855,N/A,not-localizable
264278,Thumbnails.java,localizable
266028,N/A,not-localizable
264845,WorkbenchServiceRegistry.java,localizable
226746,ActivePartSourceProvider.java,localizable
266204,N/A,not-localizable
265164,N/A,not-localizable
265721,N/A,not-localizable
266391,N/A,not-localizable
263845,N/A,not-localizable
266659,N/A,not-localizable
57762,N/A,not-localizable
266699,N/A,not-localizable
266345,WorkbenchSiteProgressServiceTest.java,localizable
266769,N/A,not-localizable
264818,N/A,not-localizable
241208,N/A,not-localizable
134526,N/A,not-localizable
168682,N/A,not-localizable
255136,N/A,not-localizable
262615,N/A,not-localizable
264030,N/A,not-localizable
265425,N/A,not-localizable
266485,N/A,not-localizable
266177,AboutFeaturesPage.java,localizable
266958,N/A,not-localizable
255849,N/A,not-localizable
266146,N/A,not-localizable
186025,N/A,not-localizable
267021,DelegatingListProperty.java,localizable
267080,N/A,not-localizable
266295,N/A,not-localizable
162102,N/A,not-localizable
255793,N/A,not-localizable
266862,N/A,not-localizable
243165,N/A,not-localizable
265813,N/A,not-localizable
221977,N/A,not-localizable
150626,N/A,not-localizable
265381,N/A,not-localizable
244354,N/A,not-localizable
266677,NavigatorContentService.java,localizable
266894,N/A,not-localizable
276326,N/A,not-localizable
71387,N/A,not-localizable
183602,N/A,not-localizable
266018,N/A,not-localizable
267242,N/A,not-localizable
256656,N/A,not-localizable
213848,N/A,not-localizable
258679,OperationHistoryActionHandler.java,localizable
232777,N/A,not-localizable
259952,N/A,not-localizable
264039,N/A,not-localizable
264650,N/A,not-localizable
218673,N/A,not-localizable
251575,N/A,not-localizable
267117,N/A,not-localizable
218127,N/A,not-localizable
198971,N/A,not-localizable
267560,N/A,not-localizable
213645,N/A,not-localizable
267495,N/A,not-localizable
267469,N/A,not-localizable
262666,N/A,not-localizable
248103,N/A,not-localizable
260664,N/A,not-localizable
218884,N/A,not-localizable
267722,StructuredViewer.java,localizable
267748,N/A,not-localizable
257919,N/A,not-localizable
267977,N/A,not-localizable
268829,N/A,not-localizable
269025,N/A,not-localizable
269058,N/A,not-localizable
212696,N/A,not-localizable
269027,N/A,not-localizable
266367,N/A,not-localizable
269312,N/A,not-localizable
269466,ProgressManager.java,localizable
269711,N/A,not-localizable
267408,N/A,not-localizable
270120,N/A,not-localizable
263690,HandlerProxy.java,localizable
230360,N/A,not-localizable
268955,N/A,not-localizable
267359,N/A,not-localizable
270146,N/A,not-localizable
270989,N/A,not-localizable
260417,N/A,not-localizable
270774,N/A,not-localizable
68684,N/A,not-localizable
139528,N/A,not-localizable
199364,N/A,not-localizable
271683,N/A,not-localizable
271799,N/A,not-localizable
271823,N/A,not-localizable
271830,N/A,not-localizable
271834,N/A,not-localizable
199499,N/A,not-localizable
263090,N/A,not-localizable
272065,Perspective.java,localizable
112337,N/A,not-localizable
272165,N/A,not-localizable
262173,N/A,not-localizable
266970,N/A,not-localizable
252887,N/A,not-localizable
250125,N/A,not-localizable
218302,N/A,not-localizable
265422,N/A,not-localizable
270174,N/A,not-localizable
273163,N/A,not-localizable
268816,N/A,not-localizable
272913,N/A,not-localizable
266097,SubActionBars.java,localizable
89256,N/A,not-localizable
273012,FormPage.java,localizable
194917,AggregateWorkingSet.java,localizable
267834,N/A,not-localizable
267934,N/A,not-localizable
190838,N/A,not-localizable
272583,N/A,not-localizable
255422,N/A,not-localizable
273330,N/A,not-localizable
223843,N/A,not-localizable
273147,N/A,not-localizable
230449,KeyController.java,localizable
248943,N/A,not-localizable
241877,N/A,not-localizable
222556,N/A,not-localizable
258177,N/A,not-localizable
255576,N/A,not-localizable
202057,Workbench.java,localizable
211433,N/A,not-localizable
249851,N/A,not-localizable
258253,N/A,not-localizable
269264,N/A,not-localizable
268819,N/A,not-localizable
155008,N/A,not-localizable
196691,N/A,not-localizable
219536,N/A,not-localizable
239518,N/A,not-localizable
272763,N/A,not-localizable
270952,NavigatorContentServiceLabelProvider.java,localizable
257167,IDEWorkbenchAdvisor.java,localizable
273667,N/A,not-localizable
273752,N/A,not-localizable
267791,N/A,not-localizable
261622,N/A,not-localizable
154730,N/A,not-localizable
224341,N/A,not-localizable
249502,N/A,not-localizable
244284,N/A,not-localizable
269020,PatternFilter.java,localizable
274236,N/A,not-localizable
273706,N/A,not-localizable
273697,N/A,not-localizable
270769,N/A,not-localizable
274075,N/A,not-localizable
273489,N/A,not-localizable
246131,N/A,not-localizable
270457,N/A,not-localizable
270822,N/A,not-localizable
236628,N/A,not-localizable
274699,N/A,not-localizable
273738,N/A,not-localizable
271326,N/A,not-localizable
274862,N/A,not-localizable
181836,N/A,not-localizable
274486,N/A,not-localizable
267425,N/A,not-localizable
275075,PropertySheetAuto.java,localizable
255703,N/A,not-localizable
99493,N/A,not-localizable
264152,N/A,not-localizable
269210,N/A,not-localizable
237124,N/A,not-localizable
265157,N/A,not-localizable
102885,N/A,not-localizable
231505,N/A,not-localizable
271339,N/A,not-localizable
116284,N/A,not-localizable
272528,AbstractWorkingSetManager.java,localizable
260061,N/A,not-localizable
270465,N/A,not-localizable
130043,N/A,not-localizable
274618,EditorReference.java,localizable
275509,N/A,not-localizable
271744,N/A,not-localizable
268533,N/A,not-localizable
275171,N/A,not-localizable
273828,N/A,not-localizable
262636,N/A,not-localizable
270795,N/A,not-localizable
275170,N/A,not-localizable
275678,N/A,not-localizable
275298,N/A,not-localizable
275691,AbstractSWTTestCase.java,localizable
275197,WorkingSetRootModeActionGroup.java,localizable
275627,N/A,not-localizable
275929,N/A,not-localizable
272307,N/A,not-localizable
264804,N/A,not-localizable
248908,N/A,not-localizable
274132,N/A,not-localizable
276525,N/A,not-localizable
277230,N/A,not-localizable
276520,N/A,not-localizable
275932,N/A,not-localizable
277213,FileImageDescriptor.java,localizable
276869,N/A,not-localizable
277513,N/A,not-localizable
74337,N/A,not-localizable
277676,N/A,not-localizable
277873,N/A,not-localizable
278065,N/A,not-localizable
270797,N/A,not-localizable
277966,ObservablesManager.java,localizable
278243,N/A,not-localizable
278091,N/A,not-localizable
278514,PageBookView.java,localizable
278369,N/A,not-localizable
278375,N/A,not-localizable
278479,N/A,not-localizable
278659,N/A,not-localizable
275743,N/A,not-localizable
278829,N/A,not-localizable
278550,ObservableTracker.java,localizable
279123,N/A,not-localizable
279269,N/A,not-localizable
279641,N/A,not-localizable
279849,N/A,not-localizable
280000,UISchedulerStrategy.java,localizable
280049,N/A,not-localizable
280499,N/A,not-localizable
280695,N/A,not-localizable
264256,N/A,not-localizable
280823,N/A,not-localizable
280087,SWTPartFactory.java,localizable
280632,N/A,not-localizable
280846,N/A,not-localizable
280938,N/A,not-localizable
281040,N/A,not-localizable
281148,N/A,not-localizable
281126,N/A,not-localizable
276202,FormToolkit.java,localizable
281174,N/A,not-localizable
281236,N/A,not-localizable
281659,N/A,not-localizable
281752,N/A,not-localizable
282008,N/A,not-localizable
282016,N/A,not-localizable
281888,N/A,not-localizable
281890,N/A,not-localizable
281897,N/A,not-localizable
282049,N/A,not-localizable
282276,N/A,not-localizable
282319,N/A,not-localizable
262016,N/A,not-localizable
282717,N/A,not-localizable
279452,N/A,not-localizable
282733,N/A,not-localizable
282875,N/A,not-localizable
282890,N/A,not-localizable
282900,N/A,not-localizable
282947,N/A,not-localizable
283173,N/A,not-localizable
283178,N/A,not-localizable
280608,N/A,not-localizable
283442,N/A,not-localizable
282874,N/A,not-localizable
283443,N/A,not-localizable
283359,N/A,not-localizable
283615,N/A,not-localizable
283457,N/A,not-localizable
282898,N/A,not-localizable
283649,SWTPartRenderer.java,localizable
283216,N/A,not-localizable
283215,MSashTest.java,localizable
283340,N/A,not-localizable
283790,SWTPartRenderer.java,localizable
283631,N/A,not-localizable
283876,N/A,not-localizable
283194,N/A,not-localizable
283896,N/A,not-localizable
283536,N/A,not-localizable
284164,StackRenderer.java,localizable
284138,N/A,not-localizable
284180,Workbench.java,localizable
284213,N/A,not-localizable
284349,N/A,not-localizable
284201,N/A,not-localizable
284340,N/A,not-localizable
184345,N/A,not-localizable
283887,N/A,not-localizable
284622,N/A,not-localizable
284604,N/A,not-localizable
284675,N/A,not-localizable
284750,CSSSWTColorHelper.java,localizable
281744,N/A,not-localizable
283676,N/A,not-localizable
276324,CycleBaseHandler.java,localizable
224546,N/A,not-localizable
284319,N/A,not-localizable
286678,N/A,not-localizable
286867,N/A,not-localizable
286949,N/A,not-localizable
283283,N/A,not-localizable
284650,N/A,not-localizable
269869,N/A,not-localizable
275039,N/A,not-localizable
278064,N/A,not-localizable
287471,N/A,not-localizable
275867,N/A,not-localizable
287621,N/A,not-localizable
276371,WorkbenchStatusDialogManager.java,localizable
278965,N/A,not-localizable
286013,N/A,not-localizable
269844,N/A,not-localizable
279939,N/A,not-localizable
280656,N/A,not-localizable
258493,N/A,not-localizable
288352,N/A,not-localizable
288364,N/A,not-localizable
272474,N/A,not-localizable
288388,N/A,not-localizable
288394,N/A,not-localizable
89606,N/A,not-localizable
288154,N/A,not-localizable
231619,N/A,not-localizable
275018,N/A,not-localizable
86248,N/A,not-localizable
287103,N/A,not-localizable
271501,N/A,not-localizable
279263,N/A,not-localizable
289090,N/A,not-localizable
286542,N/A,not-localizable
266545,N/A,not-localizable
66889,N/A,not-localizable
283555,N/A,not-localizable
283120,ConfigurationLogUpdateSection.java,localizable
170731,N/A,not-localizable
282779,N/A,not-localizable
249915,N/A,not-localizable
174481,N/A,not-localizable
283551,N/A,not-localizable
289599,N/A,not-localizable
245457,N/A,not-localizable
290909,N/A,not-localizable
64830,N/A,not-localizable
211664,N/A,not-localizable
201650,N/A,not-localizable
290450,N/A,not-localizable
291934,N/A,not-localizable
288770,N/A,not-localizable
288769,N/A,not-localizable
259357,N/A,not-localizable
281145,N/A,not-localizable
274262,N/A,not-localizable
282535,N/A,not-localizable
275477,N/A,not-localizable
282653,N/A,not-localizable
290834,N/A,not-localizable
199127,N/A,not-localizable
276164,N/A,not-localizable
287454,N/A,not-localizable
292170,N/A,not-localizable
279553,N/A,not-localizable
262022,N/A,not-localizable
284330,N/A,not-localizable
288804,N/A,not-localizable
256651,N/A,not-localizable
290964,N/A,not-localizable
165180,N/A,not-localizable
277886,N/A,not-localizable
259048,N/A,not-localizable
291755,N/A,not-localizable
280799,N/A,not-localizable
292759,N/A,not-localizable
292762,N/A,not-localizable
193600,N/A,not-localizable
292901,N/A,not-localizable
250604,N/A,not-localizable
288766,N/A,not-localizable
190288,N/A,not-localizable
293199,N/A,not-localizable
292672,N/A,not-localizable
293303,N/A,not-localizable
293310,StringMatcherFilter.java,localizable
293346,HandlerTest.java,localizable
293357,N/A,not-localizable
289988,N/A,not-localizable
293600,StatusDialogManagerTest.java,localizable
293787,N/A,not-localizable
294096,N/A,not-localizable
288767,N/A,not-localizable
294046,N/A,not-localizable
294307,StatusDialogManagerTest.java,localizable
294493,N/A,not-localizable
294497,EventBroker.java,localizable
289409,N/A,not-localizable
292247,N/A,not-localizable
294777,N/A,not-localizable
294738,N/A,not-localizable
294992,N/A,not-localizable
159176,N/A,not-localizable
295277,N/A,not-localizable
286107,N/A,not-localizable
293130,N/A,not-localizable
295611,N/A,not-localizable
295880,N/A,not-localizable
58474,N/A,not-localizable
60574,N/A,not-localizable
283898,N/A,not-localizable
294303,N/A,not-localizable
257185,N/A,not-localizable
293512,N/A,not-localizable
294796,N/A,not-localizable
270092,N/A,not-localizable
294210,CustomizePerspectiveDialog.java,localizable
292091,N/A,not-localizable
294790,N/A,not-localizable
253232,N/A,not-localizable
296056,N/A,not-localizable
126705,N/A,not-localizable
292322,TreeViewer.java,localizable
295391,N/A,not-localizable
296356,N/A,not-localizable
296364,N/A,not-localizable
294462,N/A,not-localizable
296473,N/A,not-localizable
295386,N/A,not-localizable
296796,N/A,not-localizable
293658,N/A,not-localizable
284265,N/A,not-localizable
296695,N/A,not-localizable
296822,N/A,not-localizable
229340,N/A,not-localizable
296646,N/A,not-localizable
296565,N/A,not-localizable
297440,N/A,not-localizable
297459,N/A,not-localizable
296159,N/A,not-localizable
297400,N/A,not-localizable
297608,N/A,not-localizable
297486,N/A,not-localizable
259955,N/A,not-localizable
243381,N/A,not-localizable
158642,N/A,not-localizable
298130,N/A,not-localizable
271530,N/A,not-localizable
297728,N/A,not-localizable
255629,N/A,not-localizable
298415,N/A,not-localizable
298748,N/A,not-localizable
298850,N/A,not-localizable
298848,N/A,not-localizable
298857,N/A,not-localizable
298900,MenuItemRenderer.java,localizable
199923,N/A,not-localizable
296253,N/A,not-localizable
299166,N/A,not-localizable
299172,N/A,not-localizable
299207,N/A,not-localizable
299208,N/A,not-localizable
299209,N/A,not-localizable
299210,N/A,not-localizable
299246,N/A,not-localizable
299272,StackRenderer.java,localizable
299249,N/A,not-localizable
299255,N/A,not-localizable
299304,N/A,not-localizable
299322,N/A,not-localizable
298851,N/A,not-localizable
299324,N/A,not-localizable
299325,N/A,not-localizable
299326,N/A,not-localizable
299331,N/A,not-localizable
299340,N/A,not-localizable
299435,N/A,not-localizable
280665,FormUtil.java,localizable
299554,PartRenderingEngine.java,localizable
299410,N/A,not-localizable
299083,N/A,not-localizable
299624,MWindowTest.java,localizable
299680,N/A,not-localizable
299588,FormText.java,localizable
299685,N/A,not-localizable
300012,N/A,not-localizable
299990,N/A,not-localizable
94796,N/A,not-localizable
296748,N/A,not-localizable
298747,N/A,not-localizable
299438,N/A,not-localizable
295803,N/A,not-localizable
296728,CommonWizardDescriptor.java,localizable
299335,N/A,not-localizable
300032,MarkerContentGenerator.java,localizable
296691,N/A,not-localizable
296466,N/A,not-localizable
288624,N/A,not-localizable
291069,N/A,not-localizable
299152,N/A,not-localizable
4922,N/A,not-localizable
295250,N/A,not-localizable
298835,N/A,not-localizable
300899,N/A,not-localizable
301101,N/A,not-localizable
300173,N/A,not-localizable
301362,N/A,not-localizable
243742,N/A,not-localizable
300862,N/A,not-localizable
301193,XMLModelReconciler.java,localizable
301583,XMLModelReconciler.java,localizable
161693,EditorActionBars.java,localizable
122772,N/A,not-localizable
301133,N/A,not-localizable
300846,N/A,not-localizable
300502,N/A,not-localizable
301895,TrimmedPartLayout.java,localizable
301976,N/A,not-localizable
300758,N/A,not-localizable
297054,N/A,not-localizable
301717,PartRenderingEngineTests.java,localizable
225036,N/A,not-localizable
301972,N/A,not-localizable
302404,N/A,not-localizable
299031,N/A,not-localizable
302152,N/A,not-localizable
300223,N/A,not-localizable
299529,N/A,not-localizable
302550,N/A,not-localizable
264194,CachedBindingSet.java,localizable
284447,N/A,not-localizable
296738,N/A,not-localizable
299212,N/A,not-localizable
296800,BuildAction.java,localizable
300664,N/A,not-localizable
230903,N/A,not-localizable
302297,N/A,not-localizable
303014,WorkbenchMenuService.java,localizable
299585,N/A,not-localizable
239421,N/A,not-localizable
299731,ProgressMonitorDialog.java,localizable
278352,N/A,not-localizable
302845,N/A,not-localizable
300468,N/A,not-localizable
303290,N/A,not-localizable
303218,N/A,not-localizable
303305,N/A,not-localizable
301573,N/A,not-localizable
303328,N/A,not-localizable
300539,N/A,not-localizable
303322,N/A,not-localizable
231150,N/A,not-localizable
288358,ProgressContantsTest.java,localizable
297356,N/A,not-localizable
303344,N/A,not-localizable
303491,N/A,not-localizable
303536,N/A,not-localizable
303544,N/A,not-localizable
303549,N/A,not-localizable
303575,N/A,not-localizable
303579,N/A,not-localizable
303614,N/A,not-localizable
303625,N/A,not-localizable
301144,N/A,not-localizable
303682,N/A,not-localizable
303795,N/A,not-localizable
303801,StackRenderer.java,localizable
303831,N/A,not-localizable
303841,N/A,not-localizable
303896,N/A,not-localizable
295981,N/A,not-localizable
303905,N/A,not-localizable
303964,N/A,not-localizable
304077,N/A,not-localizable
303951,DnDManager.java,localizable
279599,N/A,not-localizable
304074,N/A,not-localizable
300855,N/A,not-localizable
301131,N/A,not-localizable
299536,N/A,not-localizable
301129,N/A,not-localizable
304211,N/A,not-localizable
304250,N/A,not-localizable
304424,N/A,not-localizable
304420,N/A,not-localizable
300046,N/A,not-localizable
301841,N/A,not-localizable
304571,N/A,not-localizable
304501,N/A,not-localizable
304586,N/A,not-localizable
272997,N/A,not-localizable
304739,PartServiceImpl.java,localizable
304645,N/A,not-localizable
297731,N/A,not-localizable
304199,N/A,not-localizable
304683,N/A,not-localizable
292813,N/A,not-localizable
304870,N/A,not-localizable
304926,N/A,not-localizable
304929,N/A,not-localizable
304751,N/A,not-localizable
287139,N/A,not-localizable
270008,N/A,not-localizable
305004,N/A,not-localizable
305032,N/A,not-localizable
304997,N/A,not-localizable
305036,N/A,not-localizable
305161,N/A,not-localizable
305156,PageBookView.java,localizable
130182,N/A,not-localizable
305114,N/A,not-localizable
280964,N/A,not-localizable
305192,N/A,not-localizable
305283,N/A,not-localizable
292787,N/A,not-localizable
305389,N/A,not-localizable
305415,N/A,not-localizable
305800,N/A,not-localizable
305579,N/A,not-localizable
305715,N/A,not-localizable
294739,N/A,not-localizable
305792,N/A,not-localizable
305852,WorkbenchPage.java,localizable
305375,N/A,not-localizable
302791,CustomAndExpression.java,localizable
304393,N/A,not-localizable
287319,N/A,not-localizable
305796,N/A,not-localizable
305918,N/A,not-localizable
305542,N/A,not-localizable
306045,N/A,not-localizable
306052,N/A,not-localizable
305807,N/A,not-localizable
306185,N/A,not-localizable
306204,N/A,not-localizable
306231,N/A,not-localizable
306229,WorkbenchPage.java,localizable
306251,N/A,not-localizable
306366,N/A,not-localizable
271956,N/A,not-localizable
306545,N/A,not-localizable
306551,N/A,not-localizable
306700,N/A,not-localizable
296456,N/A,not-localizable
306719,N/A,not-localizable
306744,N/A,not-localizable
306740,N/A,not-localizable
306821,N/A,not-localizable
306896,N/A,not-localizable
306938,N/A,not-localizable
306883,N/A,not-localizable
306898,N/A,not-localizable
306738,N/A,not-localizable
307074,N/A,not-localizable
307122,N/A,not-localizable
307128,N/A,not-localizable
307134,Workbench.java,localizable
307193,ViewDescriptor.java,localizable
307398,N/A,not-localizable
307389,Workbench.java,localizable
307158,N/A,not-localizable
307163,N/A,not-localizable
307577,N/A,not-localizable
307570,N/A,not-localizable
307730,N/A,not-localizable
307485,N/A,not-localizable
307747,N/A,not-localizable
307901,N/A,not-localizable
307923,N/A,not-localizable
305707,N/A,not-localizable
294750,N/A,not-localizable
307427,ContextTest.java,localizable
308212,N/A,not-localizable
308220,N/A,not-localizable
304239,N/A,not-localizable
308382,N/A,not-localizable
308394,N/A,not-localizable
308492,N/A,not-localizable
308583,N/A,not-localizable
308584,N/A,not-localizable
308629,N/A,not-localizable
308592,N/A,not-localizable
308544,N/A,not-localizable
308656,N/A,not-localizable
308671,N/A,not-localizable
308577,N/A,not-localizable
308675,N/A,not-localizable
309041,PlatformUIPreferenceListener.java,localizable
297184,N/A,not-localizable
303094,N/A,not-localizable
300226,N/A,not-localizable
308894,PlatformUIPreferenceListener.java,localizable
305585,N/A,not-localizable
308975,PathVariablesGroup.java,localizable
286830,N/A,not-localizable
307858,UIUpdateJob.java,localizable
273436,N/A,not-localizable
294117,N/A,not-localizable
293448,N/A,not-localizable
304046,N/A,not-localizable
293466,N/A,not-localizable
297256,N/A,not-localizable
286716,N/A,not-localizable
194988,N/A,not-localizable
61038,N/A,not-localizable
309103,N/A,not-localizable
301820,N/A,not-localizable
203640,N/A,not-localizable
148993,N/A,not-localizable
160242,N/A,not-localizable
304716,N/A,not-localizable
301196,N/A,not-localizable
212894,AboutBundleData.java,localizable
293841,N/A,not-localizable
305571,N/A,not-localizable
309253,N/A,not-localizable
309563,N/A,not-localizable
309665,N/A,not-localizable
299760,N/A,not-localizable
309698,N/A,not-localizable
274198,NavigatorTestBase.java,localizable
208910,N/A,not-localizable
307405,N/A,not-localizable
302132,N/A,not-localizable
309821,N/A,not-localizable
309837,N/A,not-localizable
302277,N/A,not-localizable
309734,N/A,not-localizable
292427,N/A,not-localizable
309851,N/A,not-localizable
213448,N/A,not-localizable
261031,N/A,not-localizable
303691,N/A,not-localizable
302441,N/A,not-localizable
309997,N/A,not-localizable
309996,N/A,not-localizable
309271,N/A,not-localizable
310146,N/A,not-localizable
309273,N/A,not-localizable
310196,N/A,not-localizable
307129,N/A,not-localizable
310303,N/A,not-localizable
309308,N/A,not-localizable
139986,N/A,not-localizable
285529,N/A,not-localizable
305703,N/A,not-localizable
287536,N/A,not-localizable
292549,N/A,not-localizable
262906,N/A,not-localizable
310408,N/A,not-localizable
310394,N/A,not-localizable
310685,N/A,not-localizable
310843,WorkbenchWindow.java,localizable
310650,N/A,not-localizable
310908,MarkerFieldFilterGroup.java,localizable
310853,N/A,not-localizable
308667,N/A,not-localizable
311043,N/A,not-localizable
311360,WorkbenchPage.java,localizable
310313,N/A,not-localizable
310499,N/A,not-localizable
311371,WorkbenchPage.java,localizable
311390,N/A,not-localizable
311396,StackRenderer.java,localizable
311077,N/A,not-localizable
310601,N/A,not-localizable
310444,N/A,not-localizable
311538,N/A,not-localizable
311421,N/A,not-localizable
308646,N/A,not-localizable
311619,N/A,not-localizable
311719,N/A,not-localizable
311721,N/A,not-localizable
311722,N/A,not-localizable
309716,N/A,not-localizable
312063,N/A,not-localizable
284558,N/A,not-localizable
312095,N/A,not-localizable
306736,N/A,not-localizable
311194,N/A,not-localizable
311584,N/A,not-localizable
302694,N/A,not-localizable
312259,N/A,not-localizable
312333,N/A,not-localizable
312421,N/A,not-localizable
312454,N/A,not-localizable
312614,N/A,not-localizable
297402,N/A,not-localizable
311515,N/A,not-localizable
310494,N/A,not-localizable
311778,N/A,not-localizable
312438,N/A,not-localizable
310671,N/A,not-localizable
310878,WizardFileSystemResourceImportPage1.java,localizable
312686,N/A,not-localizable
297303,N/A,not-localizable
16552,N/A,not-localizable
305739,N/A,not-localizable
312818,N/A,not-localizable
312821,N/A,not-localizable
310342,N/A,not-localizable
312941,N/A,not-localizable
122341,N/A,not-localizable
313382,N/A,not-localizable
313066,N/A,not-localizable
310446,N/A,not-localizable
313407,N/A,not-localizable
313428,N/A,not-localizable
313211,N/A,not-localizable
313432,N/A,not-localizable
312888,N/A,not-localizable
311853,Perspective.java,localizable
312343,N/A,not-localizable
298770,N/A,not-localizable
313106,N/A,not-localizable
300545,N/A,not-localizable
314302,N/A,not-localizable
314271,N/A,not-localizable
280076,N/A,not-localizable
314317,N/A,not-localizable
312077,N/A,not-localizable
310266,N/A,not-localizable
314320,N/A,not-localizable
314341,CleanupAddon.java,localizable
314475,N/A,not-localizable
314641,N/A,not-localizable
314538,N/A,not-localizable
314685,N/A,not-localizable
314847,N/A,not-localizable
314845,PartServiceImpl.java,localizable
315281,N/A,not-localizable
314761,N/A,not-localizable
315089,N/A,not-localizable
315125,N/A,not-localizable
314896,N/A,not-localizable
315196,CleanupAddon.java,localizable
315203,EditorReference.java,localizable
279658,N/A,not-localizable
314102,N/A,not-localizable
315132,HandlerServiceImpl.java,localizable
308593,N/A,not-localizable
315468,N/A,not-localizable
315481,N/A,not-localizable
315495,N/A,not-localizable
315497,N/A,not-localizable
315586,N/A,not-localizable
315698,N/A,not-localizable
315381,N/A,not-localizable
315401,Workbench.java,localizable
315907,N/A,not-localizable
310199,N/A,not-localizable
316009,N/A,not-localizable
316061,N/A,not-localizable
312924,N/A,not-localizable
312925,N/A,not-localizable
316195,N/A,not-localizable
316279,N/A,not-localizable
316348,N/A,not-localizable
316482,N/A,not-localizable
316558,N/A,not-localizable
316298,N/A,not-localizable
316590,N/A,not-localizable
316600,N/A,not-localizable
316246,N/A,not-localizable
316614,N/A,not-localizable
316749,N/A,not-localizable
316752,N/A,not-localizable
316363,UIEventObjectSupplier.java,localizable
316792,N/A,not-localizable
316896,N/A,not-localizable
317027,N/A,not-localizable
317037,N/A,not-localizable
317071,N/A,not-localizable
317121,N/A,not-localizable
313697,N/A,not-localizable
317312,ShellActivationListener.java,localizable
317429,N/A,not-localizable
317614,N/A,not-localizable
317250,N/A,not-localizable
317803,N/A,not-localizable
317073,N/A,not-localizable
317405,N/A,not-localizable
317702,N/A,not-localizable
317417,N/A,not-localizable
317423,N/A,not-localizable
277463,N/A,not-localizable
315332,SWTFocusCellManager.java,localizable
317485,N/A,not-localizable
317954,N/A,not-localizable
304448,N/A,not-localizable
317880,N/A,not-localizable
284357,N/A,not-localizable
314091,N/A,not-localizable
317595,N/A,not-localizable
309516,N/A,not-localizable
317180,N/A,not-localizable
304440,N/A,not-localizable
317998,N/A,not-localizable
279748,N/A,not-localizable
318295,N/A,not-localizable
318316,N/A,not-localizable
318353,WorkbenchPage.java,localizable
318363,N/A,not-localizable
318432,N/A,not-localizable
318457,N/A,not-localizable
318497,N/A,not-localizable
318166,N/A,not-localizable
318633,N/A,not-localizable
292212,N/A,not-localizable
318903,N/A,not-localizable
317914,N/A,not-localizable
318930,N/A,not-localizable
318943,N/A,not-localizable
319010,N/A,not-localizable
318645,N/A,not-localizable
319127,ExpandableComposite.java,localizable
318872,N/A,not-localizable
319022,N/A,not-localizable
319011,N/A,not-localizable
316950,N/A,not-localizable
318498,N/A,not-localizable
319061,N/A,not-localizable
319115,N/A,not-localizable
319161,N/A,not-localizable
319163,N/A,not-localizable
319169,N/A,not-localizable
319173,N/A,not-localizable
319261,N/A,not-localizable
311854,N/A,not-localizable
319509,N/A,not-localizable
319300,E4Application.java,localizable
319050,ShowViewHandler.java,localizable
319043,N/A,not-localizable
318711,N/A,not-localizable
319382,N/A,not-localizable
318713,N/A,not-localizable
319392,N/A,not-localizable
304863,N/A,not-localizable
319319,N/A,not-localizable
318857,N/A,not-localizable
319583,N/A,not-localizable
309489,E4CommandProcessor.java,localizable
319600,N/A,not-localizable
319732,N/A,not-localizable
319176,N/A,not-localizable
318821,N/A,not-localizable
319804,N/A,not-localizable
319848,N/A,not-localizable
316914,N/A,not-localizable
313761,N/A,not-localizable
319877,ToolItemRenderer.java,localizable
319901,PartRenderingEngine.java,localizable
319846,N/A,not-localizable
319997,N/A,not-localizable
319976,LazyStackRenderer.java,localizable
317602,N/A,not-localizable
320008,N/A,not-localizable
320100,N/A,not-localizable
319961,N/A,not-localizable
318944,N/A,not-localizable
319800,N/A,not-localizable
320142,N/A,not-localizable
320162,N/A,not-localizable
320347,N/A,not-localizable
320400,N/A,not-localizable
320235,N/A,not-localizable
304584,N/A,not-localizable
317470,N/A,not-localizable
316008,N/A,not-localizable
320158,N/A,not-localizable
320015,N/A,not-localizable
284324,N/A,not-localizable
320492,N/A,not-localizable
318181,N/A,not-localizable
319847,TrimStack.java,localizable
320249,N/A,not-localizable
320573,N/A,not-localizable
320338,N/A,not-localizable
320447,N/A,not-localizable
315282,N/A,not-localizable
320163,N/A,not-localizable
318211,LegacyHandlerService.java,localizable
320243,TrimStack.java,localizable
318856,N/A,not-localizable
318848,N/A,not-localizable
320285,N/A,not-localizable
320814,N/A,not-localizable
320791,SelectionServiceImpl.java,localizable
320344,N/A,not-localizable
320790,MenuServiceFilter.java,localizable
320617,N/A,not-localizable
320831,N/A,not-localizable
320813,N/A,not-localizable
320918,N/A,not-localizable
320271,WorkbenchWindow.java,localizable
320236,N/A,not-localizable
321004,N/A,not-localizable
320887,N/A,not-localizable
320657,N/A,not-localizable
320735,N/A,not-localizable
321116,N/A,not-localizable
320268,N/A,not-localizable
312959,ResourceTreeAndListGroup.java,localizable
230082,N/A,not-localizable
321746,CompatibilityView.java,localizable
321752,N/A,not-localizable
321755,N/A,not-localizable
321757,N/A,not-localizable
322009,N/A,not-localizable
319199,N/A,not-localizable
320671,N/A,not-localizable
321995,N/A,not-localizable
322228,N/A,not-localizable
322232,N/A,not-localizable
322226,N/A,not-localizable
322259,N/A,not-localizable
322276,N/A,not-localizable
322356,N/A,not-localizable
322368,N/A,not-localizable
322403,N/A,not-localizable
322415,N/A,not-localizable
322530,SaveHandler.java,localizable
322563,N/A,not-localizable
322827,N/A,not-localizable
322901,N/A,not-localizable
322923,N/A,not-localizable
320857,N/A,not-localizable
323521,N/A,not-localizable
323832,N/A,not-localizable
323641,N/A,not-localizable
324839,N/A,not-localizable
324849,PerspectiveSwitcher.java,localizable
324866,N/A,not-localizable
323046,StackRenderer.java,localizable
324841,N/A,not-localizable
324971,WorkbenchPage.java,localizable
324230,SashRenderer.java,localizable
325148,PartServiceImpl.java,localizable
325347,CompatibilityPart.java,localizable
324730,N/A,not-localizable
325627,N/A,not-localizable
325771,N/A,not-localizable
325836,N/A,not-localizable
325837,N/A,not-localizable
325791,N/A,not-localizable
322000,N/A,not-localizable
320020,N/A,not-localizable
325939,N/A,not-localizable
321217,N/A,not-localizable
325722,N/A,not-localizable
326161,N/A,not-localizable
326300,N/A,not-localizable
326314,EditorReference.java,localizable
318751,N/A,not-localizable
70140,N/A,not-localizable
314623,N/A,not-localizable
326521,N/A,not-localizable
322401,N/A,not-localizable
313328,N/A,not-localizable
326177,N/A,not-localizable
326087,N/A,not-localizable
327026,PartServiceImpl.java,localizable
326924,CocoaUIEnhancer.java,localizable
327044,N/A,not-localizable
262032,N/A,not-localizable
327033,N/A,not-localizable
267173,N/A,not-localizable
327154,N/A,not-localizable
201696,N/A,not-localizable
276185,N/A,not-localizable
326312,N/A,not-localizable
327522,N/A,not-localizable
327592,N/A,not-localizable
327585,N/A,not-localizable
327577,N/A,not-localizable
310612,N/A,not-localizable
327192,N/A,not-localizable
327765,N/A,not-localizable
327788,N/A,not-localizable
327583,N/A,not-localizable
327820,N/A,not-localizable
327825,N/A,not-localizable
326699,N/A,not-localizable
327807,N/A,not-localizable
327925,N/A,not-localizable
327933,N/A,not-localizable
327935,ViewsPreferencePage.java,localizable
327964,N/A,not-localizable
327980,N/A,not-localizable
323389,N/A,not-localizable
328253,N/A,not-localizable
328261,N/A,not-localizable
328339,N/A,not-localizable
328296,StackRenderer.java,localizable
328367,N/A,not-localizable
328385,N/A,not-localizable
328388,N/A,not-localizable
325390,N/A,not-localizable
328648,N/A,not-localizable
328709,N/A,not-localizable
325834,N/A,not-localizable
328805,N/A,not-localizable
328720,N/A,not-localizable
328726,N/A,not-localizable
328875,PopupMenuExtender.java,localizable
328708,N/A,not-localizable
328876,N/A,not-localizable
328814,N/A,not-localizable
329123,CloseDialogHandler.java,localizable
328946,N/A,not-localizable
329184,N/A,not-localizable
329186,N/A,not-localizable
328944,N/A,not-localizable
328963,N/A,not-localizable
327926,N/A,not-localizable
327355,N/A,not-localizable
328962,N/A,not-localizable
326184,N/A,not-localizable
328629,PartRenderingEngine.java,localizable
329285,N/A,not-localizable
329289,N/A,not-localizable
328172,N/A,not-localizable
323243,OpenResourceAction.java,localizable
329310,N/A,not-localizable
329358,N/A,not-localizable
329391,N/A,not-localizable
329445,N/A,not-localizable
329451,N/A,not-localizable
329454,N/A,not-localizable
306576,N/A,not-localizable
329482,N/A,not-localizable
329543,N/A,not-localizable
329581,N/A,not-localizable
329580,N/A,not-localizable
329586,N/A,not-localizable
320989,CocoaUIHandler.java,localizable
323708,N/A,not-localizable
297370,N/A,not-localizable
305200,N/A,not-localizable
323528,N/A,not-localizable
244011,N/A,not-localizable
279781,N/A,not-localizable
323713,FastViewDnDHandler.java,localizable
328763,N/A,not-localizable
323489,N/A,not-localizable
323393,N/A,not-localizable
329835,N/A,not-localizable
300372,CopyBuildIdToClipboardHandler.java,localizable
299295,N/A,not-localizable
227087,N/A,not-localizable
329918,N/A,not-localizable
329930,N/A,not-localizable
329950,N/A,not-localizable
245670,N/A,not-localizable
308081,N/A,not-localizable
310665,N/A,not-localizable
329871,N/A,not-localizable
329486,N/A,not-localizable
330118,N/A,not-localizable
330273,N/A,not-localizable
330142,CompatibilityPart.java,localizable
330112,N/A,not-localizable
326085,N/A,not-localizable
330114,N/A,not-localizable
328599,N/A,not-localizable
319773,N/A,not-localizable
330389,N/A,not-localizable
330254,WorkbenchWindow.java,localizable
330553,N/A,not-localizable
330558,N/A,not-localizable
330570,N/A,not-localizable
330467,N/A,not-localizable
330667,N/A,not-localizable
330668,N/A,not-localizable
330692,WorkbenchPage.java,localizable
330699,N/A,not-localizable
293459,N/A,not-localizable
330706,Workbench.java,localizable
330803,ToolItemRenderer.java,localizable
330864,N/A,not-localizable
330931,N/A,not-localizable
330962,N/A,not-localizable
331007,WorkbenchPage.java,localizable
319139,N/A,not-localizable
331038,N/A,not-localizable
331049,N/A,not-localizable
331123,N/A,not-localizable
331126,ModeledPageLayout.java,localizable
331062,ModelServiceImpl.java,localizable
331228,N/A,not-localizable
331341,N/A,not-localizable
331349,N/A,not-localizable
331259,N/A,not-localizable
331546,N/A,not-localizable
331685,N/A,not-localizable
331668,N/A,not-localizable
331714,N/A,not-localizable
331720,N/A,not-localizable
326406,LegacyHandlerService.java,localizable
332063,ContextService.java,localizable
332038,N/A,not-localizable
331335,WizardDialog.java,localizable
97787,N/A,not-localizable
268402,N/A,not-localizable
332482,N/A,not-localizable
293159,N/A,not-localizable
323444,DefaultOperationHistory.java,localizable
332930,N/A,not-localizable
320788,N/A,not-localizable
325852,N/A,not-localizable
333101,N/A,not-localizable
332458,N/A,not-localizable
332140,N/A,not-localizable
332461,PartSite.java,localizable
332443,N/A,not-localizable
332305,N/A,not-localizable
332035,N/A,not-localizable
333489,N/A,not-localizable
333577,N/A,not-localizable
333589,N/A,not-localizable
331621,N/A,not-localizable
208626,MenuManager.java,localizable
332577,WorkbenchLayoutSettingsTransfer.java,localizable
333584,N/A,not-localizable
329079,N/A,not-localizable
333400,N/A,not-localizable
320795,N/A,not-localizable
333689,N/A,not-localizable
333699,WorkbenchPage.java,localizable
333765,PartServiceImpl.java,localizable
324663,N/A,not-localizable
324078,N/A,not-localizable
326340,N/A,not-localizable
333764,Workbench.java,localizable
331010,N/A,not-localizable
323531,N/A,not-localizable
333968,N/A,not-localizable
325931,N/A,not-localizable
330834,N/A,not-localizable
333970,StatusDialogManagerTest.java,localizable
328496,N/A,not-localizable
300472,N/A,not-localizable
331582,N/A,not-localizable
334373,MenuItemItemProvider.java,localizable
334387,ShellActivationListener.java,localizable
334559,N/A,not-localizable
334644,N/A,not-localizable
334524,N/A,not-localizable
303889,N/A,not-localizable
334577,PartRenderingEngine.java,localizable
330944,N/A,not-localizable
309447,N/A,not-localizable
334236,N/A,not-localizable
334859,N/A,not-localizable
335525,N/A,not-localizable
335599,N/A,not-localizable
55295,N/A,not-localizable
335608,N/A,not-localizable
188700,N/A,not-localizable
310475,N/A,not-localizable
335877,N/A,not-localizable
329754,N/A,not-localizable
317102,WorkbenchPage.java,localizable
335514,N/A,not-localizable
336139,TrimBarLayout.java,localizable
313430,Workbench.java,localizable
125651,N/A,not-localizable
335704,N/A,not-localizable
336225,N/A,not-localizable
336118,N/A,not-localizable
129309,N/A,not-localizable
272153,N/A,not-localizable
334257,N/A,not-localizable
331258,N/A,not-localizable
336378,N/A,not-localizable
326081,N/A,not-localizable
330662,ElementReferenceRenderer.java,localizable
140101,DialogMarkerProperties.java,localizable
336682,N/A,not-localizable
335444,N/A,not-localizable
325743,N/A,not-localizable
326175,N/A,not-localizable
319004,N/A,not-localizable
336824,N/A,not-localizable
336684,TrayDialog.java,localizable
336856,N/A,not-localizable
336985,N/A,not-localizable
336996,N/A,not-localizable
337002,N/A,not-localizable
337127,N/A,not-localizable
313899,N/A,not-localizable
337141,Preview.java,localizable
337207,N/A,not-localizable
335543,N/A,not-localizable
337231,N/A,not-localizable
325632,N/A,not-localizable
320171,N/A,not-localizable
332562,N/A,not-localizable
337239,N/A,not-localizable
337343,N/A,not-localizable
337488,CompatibilityPart.java,localizable
324258,N/A,not-localizable
338083,N/A,not-localizable
267424,N/A,not-localizable
338124,N/A,not-localizable
72556,N/A,not-localizable
338267,N/A,not-localizable
338280,N/A,not-localizable
338444,N/A,not-localizable
338707,N/A,not-localizable
335960,N/A,not-localizable
320283,N/A,not-localizable
338816,N/A,not-localizable
338559,N/A,not-localizable
327396,N/A,not-localizable
335308,N/A,not-localizable
338735,N/A,not-localizable
333081,N/A,not-localizable
339142,N/A,not-localizable
339362,N/A,not-localizable
339347,N/A,not-localizable
339481,MarkerViewerContentProvider.java,localizable
339573,N/A,not-localizable
338584,N/A,not-localizable
339728,CTabFolder.java,localizable
339731,WorkbenchPage.java,localizable
339737,N/A,not-localizable
339702,HandledContributionItem.java,localizable
339787,BindingServiceImpl.java,localizable
339877,N/A,not-localizable
339227,N/A,not-localizable
339994,ModeledPageLayout.java,localizable
339675,N/A,not-localizable
339713,N/A,not-localizable
340508,BindingCopies.java,localizable
297375,N/A,not-localizable
340656,N/A,not-localizable
340342,N/A,not-localizable
130854,N/A,not-localizable
340268,N/A,not-localizable
341118,N/A,not-localizable
340465,N/A,not-localizable
337380,N/A,not-localizable
312540,N/A,not-localizable
308095,N/A,not-localizable
334470,N/A,not-localizable
335889,N/A,not-localizable
341227,WorkbenchWindow.java,localizable
341273,N/A,not-localizable
231502,N/A,not-localizable
341219,N/A,not-localizable
88788,N/A,not-localizable
341327,N/A,not-localizable
140425,N/A,not-localizable
341793,N/A,not-localizable
126429,N/A,not-localizable
340368,N/A,not-localizable
275910,N/A,not-localizable
341702,N/A,not-localizable
307545,HeapStatus.java,localizable
153280,N/A,not-localizable
317912,E4Application.java,localizable
342849,N/A,not-localizable
342610,N/A,not-localizable
314937,SharedScrolledComposite.java,localizable
342685,N/A,not-localizable
341903,CustomizePerspectiveDialog.java,localizable
342998,N/A,not-localizable
89824,N/A,not-localizable
343003,N/A,not-localizable
343033,N/A,not-localizable
178534,N/A,not-localizable
335733,N/A,not-localizable
343305,N/A,not-localizable
298952,N/A,not-localizable
343295,MinMaxAddon.java,localizable
343406,N/A,not-localizable
342929,N/A,not-localizable
343445,N/A,not-localizable
343442,LazyStackRenderer.java,localizable
343524,N/A,not-localizable
337240,N/A,not-localizable
168745,N/A,not-localizable
231510,N/A,not-localizable
298961,N/A,not-localizable
343517,ContributedPartRenderer.java,localizable
343634,N/A,not-localizable
343141,N/A,not-localizable
343536,N/A,not-localizable
343261,N/A,not-localizable
343721,N/A,not-localizable
191834,PopupDialog.java,localizable
343907,ModeledPageLayout.java,localizable
337482,N/A,not-localizable
344044,WorkbenchPage.java,localizable
344173,N/A,not-localizable
344297,PartRenderingEngine.java,localizable
344266,N/A,not-localizable
344114,N/A,not-localizable
344690,N/A,not-localizable
341933,N/A,not-localizable
340873,N/A,not-localizable
344827,ToolBarManagerRenderer.java,localizable
339350,N/A,not-localizable
342917,N/A,not-localizable
317201,N/A,not-localizable
345735,N/A,not-localizable
320968,N/A,not-localizable
329562,N/A,not-localizable
340565,N/A,not-localizable
345468,N/A,not-localizable
336862,N/A,not-localizable
344704,N/A,not-localizable
339982,N/A,not-localizable
321294,N/A,not-localizable
344654,N/A,not-localizable
346753,PartRenderingEngine.java,localizable
346978,N/A,not-localizable
345127,N/A,not-localizable
347014,N/A,not-localizable
347025,N/A,not-localizable
332246,N/A,not-localizable
347119,N/A,not-localizable
346839,N/A,not-localizable
346073,ApplicationPartServiceImpl.java,localizable
347491,N/A,not-localizable
329457,N/A,not-localizable
347205,N/A,not-localizable
345736,N/A,not-localizable
346148,N/A,not-localizable
336061,N/A,not-localizable
346390,N/A,not-localizable
347837,PartServiceImpl.java,localizable
347471,StackRenderer.java,localizable
347779,N/A,not-localizable
347940,N/A,not-localizable
258682,N/A,not-localizable
347857,Workbench.java,localizable
347983,N/A,not-localizable
348215,N/A,not-localizable
348609,N/A,not-localizable
328971,N/A,not-localizable
345745,N/A,not-localizable
348798,N/A,not-localizable
349118,N/A,not-localizable
349135,N/A,not-localizable
350264,N/A,not-localizable
350082,N/A,not-localizable
349325,N/A,not-localizable
203950,N/A,not-localizable
348445,N/A,not-localizable
350067,N/A,not-localizable
348456,N/A,not-localizable
349085,N/A,not-localizable
348363,N/A,not-localizable
350090,N/A,not-localizable
349035,N/A,not-localizable
349721,N/A,not-localizable
351720,N/A,not-localizable
350089,N/A,not-localizable
352076,PartServiceImpl.java,localizable
352135,N/A,not-localizable
345094,N/A,not-localizable
352462,N/A,not-localizable
352508,N/A,not-localizable
351835,OrderedTestSuite.java,localizable
353229,N/A,not-localizable
353233,N/A,not-localizable
353240,N/A,not-localizable
353001,N/A,not-localizable
353342,N/A,not-localizable
354151,N/A,not-localizable
352905,N/A,not-localizable
349224,N/A,not-localizable
350596,N/A,not-localizable
351752,N/A,not-localizable
351212,N/A,not-localizable
353587,N/A,not-localizable
354739,N/A,not-localizable
355118,N/A,not-localizable
355210,HandlerServiceImpl.java,localizable
355056,ToolBarContributionRecord.java,localizable
354890,N/A,not-localizable
354418,N/A,not-localizable
354967,N/A,not-localizable
356124,N/A,not-localizable
349993,N/A,not-localizable
344727,N/A,not-localizable
355964,N/A,not-localizable
355228,N/A,not-localizable
356605,N/A,not-localizable
355101,N/A,not-localizable
356307,N/A,not-localizable
356636,N/A,not-localizable
356840,N/A,not-localizable
349331,N/A,not-localizable
331662,N/A,not-localizable
357521,Workbench.java,localizable
357688,N/A,not-localizable
357135,N/A,not-localizable
357295,N/A,not-localizable
357538,N/A,not-localizable
357554,SelectionService.java,localizable
357136,N/A,not-localizable
357255,N/A,not-localizable
357251,N/A,not-localizable
340875,N/A,not-localizable
357856,N/A,not-localizable
358566,N/A,not-localizable
357875,N/A,not-localizable
358578,N/A,not-localizable
358315,N/A,not-localizable
358439,UIEvents.java,localizable
357906,N/A,not-localizable
358204,N/A,not-localizable
358757,N/A,not-localizable
344832,N/A,not-localizable
334093,N/A,not-localizable
358978,N/A,not-localizable
359131,N/A,not-localizable
357859,N/A,not-localizable
205731,N/A,not-localizable
19485,N/A,not-localizable
357853,N/A,not-localizable
351358,N/A,not-localizable
360160,N/A,not-localizable
360232,ModelServiceImpl.java,localizable
359900,N/A,not-localizable
231555,N/A,not-localizable
359887,N/A,not-localizable
358788,N/A,not-localizable
297681,N/A,not-localizable
361127,N/A,not-localizable
311192,BrowserViewer.java,localizable
359438,N/A,not-localizable
361415,N/A,not-localizable
262664,N/A,not-localizable
361290,LazyStackRenderer.java,localizable
361673,N/A,not-localizable
360685,N/A,not-localizable
357292,N/A,not-localizable
361851,N/A,not-localizable
362229,CompatibilityEditor.java,localizable
317126,E4Workbench.java,localizable
362310,N/A,not-localizable
356116,N/A,not-localizable
362582,N/A,not-localizable
362501,N/A,not-localizable
362708,N/A,not-localizable
362932,N/A,not-localizable
363050,N/A,not-localizable
360513,N/A,not-localizable
361460,N/A,not-localizable
362345,TrimStack.java,localizable
351230,N/A,not-localizable
363340,N/A,not-localizable
360159,N/A,not-localizable
348461,N/A,not-localizable
358020,N/A,not-localizable
356639,N/A,not-localizable
359079,BindingPersistenceTest.java,localizable
362421,N/A,not-localizable
364029,N/A,not-localizable
364192,N/A,not-localizable
363856,N/A,not-localizable
364352,N/A,not-localizable
364039,N/A,not-localizable
359838,N/A,not-localizable
364757,N/A,not-localizable
364865,N/A,not-localizable
349104,MinMaxAddon.java,localizable
364402,N/A,not-localizable
363053,N/A,not-localizable
365018,N/A,not-localizable
363961,N/A,not-localizable
364073,N/A,not-localizable
365205,N/A,not-localizable
365230,N/A,not-localizable
361561,N/A,not-localizable
320673,N/A,not-localizable
365483,N/A,not-localizable
365537,ThemeEngine.java,localizable
365538,N/A,not-localizable
358672,N/A,not-localizable
365470,MToolItemTest.java,localizable
366214,N/A,not-localizable
366619,N/A,not-localizable
366449,N/A,not-localizable
366834,HandledContributionItem.java,localizable
366985,N/A,not-localizable
366855,N/A,not-localizable
366906,N/A,not-localizable
366599,N/A,not-localizable
366610,N/A,not-localizable
361121,N/A,not-localizable
362118,N/A,not-localizable
362208,N/A,not-localizable
358739,N/A,not-localizable
367963,ToolBarManagerRenderer.java,localizable
365773,N/A,not-localizable
366108,N/A,not-localizable
368281,StackRenderer.java,localizable
366246,N/A,not-localizable
368751,N/A,not-localizable
366339,N/A,not-localizable
367159,N/A,not-localizable
368968,ContributionsAnalyzer.java,localizable
368975,N/A,not-localizable
365975,N/A,not-localizable
368994,N/A,not-localizable
369006,N/A,not-localizable
349423,N/A,not-localizable
369229,N/A,not-localizable
357921,N/A,not-localizable
365181,N/A,not-localizable
368494,N/A,not-localizable
369434,N/A,not-localizable
367486,N/A,not-localizable
369866,StackRenderer.java,localizable
369790,N/A,not-localizable
370130,N/A,not-localizable
365597,N/A,not-localizable
370219,N/A,not-localizable
366174,N/A,not-localizable
370214,N/A,not-localizable
370337,N/A,not-localizable
369831,N/A,not-localizable
370448,N/A,not-localizable
370026,PartServiceImpl.java,localizable
369730,CompatibilityPart.java,localizable
344580,N/A,not-localizable
370632,N/A,not-localizable
370471,N/A,not-localizable
370748,N/A,not-localizable
369560,CSSPropertyInnerKeylineSWTHandler.java,localizable
370382,N/A,not-localizable
371079,N/A,not-localizable
224566,N/A,not-localizable
370808,N/A,not-localizable
371087,N/A,not-localizable
365753,N/A,not-localizable
371424,N/A,not-localizable
371416,N/A,not-localizable
319255,N/A,not-localizable
371100,StackRenderer.java,localizable
371816,N/A,not-localizable
371415,N/A,not-localizable
371894,PartServiceImpl.java,localizable
371611,N/A,not-localizable
371233,N/A,not-localizable
371817,N/A,not-localizable
372152,N/A,not-localizable
372078,N/A,not-localizable
372226,N/A,not-localizable
372240,N/A,not-localizable
372077,N/A,not-localizable
355059,N/A,not-localizable
369973,N/A,not-localizable
371115,N/A,not-localizable
350230,N/A,not-localizable
361672,StandardTrim.java,localizable
371289,N/A,not-localizable
348537,N/A,not-localizable
367314,N/A,not-localizable
372873,N/A,not-localizable
372844,ToolBarManagerRenderer.java,localizable
365759,N/A,not-localizable
373148,N/A,not-localizable
361177,N/A,not-localizable
370248,N/A,not-localizable
361275,N/A,not-localizable
348398,N/A,not-localizable
354783,N/A,not-localizable
373961,N/A,not-localizable
374001,BasicPartList.java,localizable
374021,N/A,not-localizable
374227,N/A,not-localizable
374289,N/A,not-localizable
372614,N/A,not-localizable
371546,N/A,not-localizable
362201,N/A,not-localizable
374326,N/A,not-localizable
374534,N/A,not-localizable
374700,N/A,not-localizable
361472,N/A,not-localizable
320851,WorkbenchSourceProvider.java,localizable
375066,N/A,not-localizable
375219,N/A,not-localizable
375223,N/A,not-localizable
375271,N/A,not-localizable
375282,N/A,not-localizable
375264,N/A,not-localizable
374597,N/A,not-localizable
374952,PerspectiveSwitcher.java,localizable
375651,N/A,not-localizable
242144,N/A,not-localizable
374795,N/A,not-localizable
370119,N/A,not-localizable
374058,N/A,not-localizable
376374,N/A,not-localizable
376329,N/A,not-localizable
364950,N/A,not-localizable
376253,E4Workbench.java,localizable
376155,N/A,not-localizable
374483,N/A,not-localizable
355763,N/A,not-localizable
356209,N/A,not-localizable
377031,N/A,not-localizable
376269,N/A,not-localizable
348720,N/A,not-localizable
352380,N/A,not-localizable
374553,N/A,not-localizable
377559,N/A,not-localizable
376332,StackRenderer.java,localizable
377751,Command.java,localizable
377798,N/A,not-localizable
377769,N/A,not-localizable
376441,N/A,not-localizable
375771,N/A,not-localizable
377837,N/A,not-localizable
376102,ResourcesLocatorManager.java,localizable
377150,N/A,not-localizable
306623,N/A,not-localizable
359117,N/A,not-localizable
378034,N/A,not-localizable
378029,N/A,not-localizable
378109,N/A,not-localizable
378138,N/A,not-localizable
378332,N/A,not-localizable
378114,N/A,not-localizable
378330,N/A,not-localizable
377963,N/A,not-localizable
378504,N/A,not-localizable
378731,N/A,not-localizable
377854,N/A,not-localizable
378992,N/A,not-localizable
374121,ToolControlRenderer.java,localizable
378921,N/A,not-localizable
375741,N/A,not-localizable
379299,PartRenderingEngine.java,localizable
379573,N/A,not-localizable
378616,N/A,not-localizable
379717,N/A,not-localizable
374444,N/A,not-localizable
379791,N/A,not-localizable
375762,N/A,not-localizable
380322,N/A,not-localizable
379977,N/A,not-localizable
379818,N/A,not-localizable
380676,BindingService.java,localizable
380654,ResourceHandler.java,localizable
379128,N/A,not-localizable
381219,N/A,not-localizable
378959,N/A,not-localizable
364529,N/A,not-localizable
384303,N/A,not-localizable
353628,N/A,not-localizable
362522,N/A,not-localizable
385414,N/A,not-localizable
378684,N/A,not-localizable
379590,N/A,not-localizable
386070,N/A,not-localizable
385046,N/A,not-localizable
379693,WorkbenchWindow.java,localizable
381470,N/A,not-localizable
376384,N/A,not-localizable
383684,N/A,not-localizable
378457,N/A,not-localizable
386663,N/A,not-localizable
386561,N/A,not-localizable
383269,N/A,not-localizable
385748,N/A,not-localizable
387140,N/A,not-localizable
375826,N/A,not-localizable
386173,N/A,not-localizable
385267,Context.java,localizable
346624,N/A,not-localizable
310716,N/A,not-localizable
378440,N/A,not-localizable
387247,N/A,not-localizable
384068,N/A,not-localizable
385379,N/A,not-localizable
388866,N/A,not-localizable
388481,N/A,not-localizable
388955,N/A,not-localizable
388931,N/A,not-localizable
385795,N/A,not-localizable
329720,N/A,not-localizable
389901,N/A,not-localizable
389335,N/A,not-localizable
280825,N/A,not-localizable
390924,N/A,not-localizable
389941,N/A,not-localizable
391138,N/A,not-localizable
391866,ViewRegistry.java,localizable
386022,N/A,not-localizable
389257,N/A,not-localizable
384814,N/A,not-localizable
392602,N/A,not-localizable
389863,N/A,not-localizable
388966,Workbench.java,localizable
357939,N/A,not-localizable
391626,N/A,not-localizable
392066,N/A,not-localizable
388974,N/A,not-localizable
393327,N/A,not-localizable
389018,N/A,not-localizable
393398,N/A,not-localizable
383497,N/A,not-localizable
357786,N/A,not-localizable
381585,N/A,not-localizable
377884,N/A,not-localizable
391868,BindingServiceImpl.java,localizable
393966,N/A,not-localizable
344220,N/A,not-localizable
378535,N/A,not-localizable
376821,N/A,not-localizable
387367,N/A,not-localizable
376254,N/A,not-localizable
393999,N/A,not-localizable
381886,N/A,not-localizable
394157,N/A,not-localizable
379495,N/A,not-localizable
395123,N/A,not-localizable
395126,N/A,not-localizable
394764,CSSPropertyShowCloseHandler.java,localizable
395913,N/A,not-localizable
389063,N/A,not-localizable
395426,N/A,not-localizable
337636,WorkbenchPlugin.java,localizable
396796,N/A,not-localizable
396909,N/A,not-localizable
397612,N/A,not-localizable
395194,N/A,not-localizable
383815,N/A,not-localizable
370590,N/A,not-localizable
398217,N/A,not-localizable
389251,N/A,not-localizable
398776,N/A,not-localizable
398409,N/A,not-localizable
398674,N/A,not-localizable
394402,N/A,not-localizable
397834,N/A,not-localizable
398455,N/A,not-localizable
334571,ListViewerTest.java,localizable
399396,N/A,not-localizable
399831,N/A,not-localizable
387728,N/A,not-localizable
398399,N/A,not-localizable
395890,TreeColumnLayout.java,localizable
397677,HandledContributionItem.java,localizable
398297,N/A,not-localizable
2369,N/A,not-localizable
289181,N/A,not-localizable
399458,N/A,not-localizable
398631,N/A,not-localizable
384056,N/A,not-localizable
397920,N/A,not-localizable
384560,N/A,not-localizable
163711,N/A,not-localizable
341923,N/A,not-localizable
186366,N/A,not-localizable
193486,N/A,not-localizable
398421,N/A,not-localizable
400265,N/A,not-localizable
385592,N/A,not-localizable
395645,N/A,not-localizable
321155,UIExtensionTracker.java,localizable
400276,N/A,not-localizable
400368,StandardPropertiesAdapterFactory.java,localizable
401199,MenuManagerHideProcessor.java,localizable
401031,WorkbenchPage.java,localizable
209190,N/A,not-localizable
400829,SplitDropAgent.java,localizable
375221,N/A,not-localizable
398866,N/A,not-localizable
401611,N/A,not-localizable
394499,NavigatorSaveablesService.java,localizable
398309,N/A,not-localizable
402530,N/A,not-localizable
311692,N/A,not-localizable
402766,N/A,not-localizable
402765,N/A,not-localizable
402759,N/A,not-localizable
402781,N/A,not-localizable
391186,N/A,not-localizable
403249,N/A,not-localizable
403234,N/A,not-localizable
403433,N/A,not-localizable
403235,N/A,not-localizable
402912,N/A,not-localizable
403461,N/A,not-localizable
402915,N/A,not-localizable
404596,N/A,not-localizable
398509,N/A,not-localizable
391780,N/A,not-localizable
391481,N/A,not-localizable
373814,N/A,not-localizable
372466,N/A,not-localizable
405456,N/A,not-localizable
395839,MenuManagerRenderer.java,localizable
330135,N/A,not-localizable
405410,N/A,not-localizable
405471,N/A,not-localizable
338450,N/A,not-localizable
382839,N/A,not-localizable
379212,N/A,not-localizable
371510,N/A,not-localizable
406109,N/A,not-localizable
406436,N/A,not-localizable
406284,N/A,not-localizable
406471,N/A,not-localizable
406480,N/A,not-localizable
406090,N/A,not-localizable
404013,N/A,not-localizable
387475,WorkbenchPage.java,localizable
406440,MMenuItemTest.java,localizable
406918,N/A,not-localizable
407289,N/A,not-localizable
406705,N/A,not-localizable
381765,N/A,not-localizable
407583,ModelAssembler.java,localizable
358018,N/A,not-localizable
396418,N/A,not-localizable
406640,StackRenderer.java,localizable
407288,PartRenderingEngine.java,localizable
404016,N/A,not-localizable
406903,N/A,not-localizable
407505,N/A,not-localizable
406706,N/A,not-localizable
406723,N/A,not-localizable
407199,StackRenderer.java,localizable
405562,N/A,not-localizable
409274,N/A,not-localizable
410068,N/A,not-localizable
403331,N/A,not-localizable
404312,N/A,not-localizable
406275,N/A,not-localizable
385128,N/A,not-localizable
410528,N/A,not-localizable
193034,N/A,not-localizable
411465,N/A,not-localizable
411468,WorkbenchPage.java,localizable
410828,N/A,not-localizable
412869,N/A,not-localizable
389624,N/A,not-localizable
394013,N/A,not-localizable
393703,N/A,not-localizable
413149,N/A,not-localizable
413529,N/A,not-localizable
411967,N/A,not-localizable
413278,N/A,not-localizable
412927,N/A,not-localizable
413686,N/A,not-localizable
413689,N/A,not-localizable
400042,N/A,not-localizable
413624,N/A,not-localizable
407084,MenuManagerRenderer.java,localizable
408348,N/A,not-localizable
413628,N/A,not-localizable
413649,N/A,not-localizable
409423,N/A,not-localizable
413685,N/A,not-localizable
413690,N/A,not-localizable
413688,N/A,not-localizable
407749,N/A,not-localizable
411027,N/A,not-localizable
414254,N/A,not-localizable
414741,N/A,not-localizable
408920,N/A,not-localizable
413431,N/A,not-localizable
414999,N/A,not-localizable
399401,N/A,not-localizable
413167,N/A,not-localizable
407536,N/A,not-localizable
406003,N/A,not-localizable
387951,N/A,not-localizable
414912,ContributionsAnalyzer.java,localizable
400048,N/A,not-localizable
395084,N/A,not-localizable
403760,N/A,not-localizable
413399,N/A,not-localizable
413427,N/A,not-localizable
377981,N/A,not-localizable
416902,N/A,not-localizable
416995,N/A,not-localizable
416773,WBWRenderer.java,localizable
408763,N/A,not-localizable
417201,N/A,not-localizable
389129,N/A,not-localizable
384354,N/A,not-localizable
331690,N/A,not-localizable
413590,N/A,not-localizable
411577,N/A,not-localizable
345372,N/A,not-localizable
414297,N/A,not-localizable
168226,N/A,not-localizable
417947,N/A,not-localizable
398684,N/A,not-localizable
372956,N/A,not-localizable
416099,N/A,not-localizable
412285,N/A,not-localizable
418715,N/A,not-localizable
418683,WizardDialog.java,localizable
419435,StringConverter.java,localizable
302536,N/A,not-localizable
420035,N/A,not-localizable
371027,N/A,not-localizable
420126,N/A,not-localizable
418275,N/A,not-localizable
411750,N/A,not-localizable
417929,N/A,not-localizable
411017,N/A,not-localizable
418910,N/A,not-localizable
420835,N/A,not-localizable
396296,N/A,not-localizable
419710,N/A,not-localizable
415522,N/A,not-localizable
418254,StackRenderer.java,localizable
421725,N/A,not-localizable
421764,N/A,not-localizable
398381,N/A,not-localizable
409834,N/A,not-localizable
395161,ContextProcessingAddon.java,localizable
420951,N/A,not-localizable
397872,N/A,not-localizable
418859,CoolBarToTrimManager.java,localizable
422533,N/A,not-localizable
369884,N/A,not-localizable
410049,N/A,not-localizable
417399,PartRenderingEngine.java,localizable
416746,N/A,not-localizable
412479,N/A,not-localizable
420972,N/A,not-localizable
423748,N/A,not-localizable
423718,N/A,not-localizable
423768,N/A,not-localizable
413096,N/A,not-localizable
423040,N/A,not-localizable
423892,N/A,not-localizable
423725,N/A,not-localizable
424252,N/A,not-localizable
236006,N/A,not-localizable
423495,N/A,not-localizable
413943,N/A,not-localizable
405216,ProgressInfoItem.java,localizable
420238,N/A,not-localizable
423588,N/A,not-localizable
385394,N/A,not-localizable
384108,N/A,not-localizable
